freq_hz,avg_gated_db (3 runs, mic correction applied, relative to 0.5-4 kHz mean)
60.00,2.92
60.88,2.58
61.77,2.26
62.68,1.94
63.60,1.65
64.53,1.43
65.48,1.20
66.44,0.95
67.41,0.70
68.40,0.45
69.40,0.19
70.42,-0.06
71.45,-0.31
72.50,-0.56
73.57,-0.80
74.64,-1.02
75.74,-1.20
76.85,-1.37
77.98,-1.54
79.12,-1.71
80.28,-1.85
81.46,-1.99
82.65,-2.12
83.86,-2.25
85.09,-2.37
86.34,-2.46
87.61,-2.57
88.89,-2.66
90.20,-2.70
91.52,-2.77
92.86,-2.81
94.22,-2.85
95.61,-2.89
97.01,-2.93
98.43,-2.95
99.87,-2.95
101.34,-2.91
102.83,-2.86
104.33,-2.83
105.86,-2.79
107.42,-2.73
108.99,-2.67
110.59,-2.62
112.21,-2.52
113.86,-2.46
115.53,-2.41
117.22,-2.35
118.94,-2.31
120.69,-2.17
122.46,-2.04
124.25,-1.89
126.07,-1.82
127.92,-1.75
129.80,-1.67
131.70,-1.61
133.63,-1.52
135.59,-1.36
137.58,-1.23
139.60,-1.09
141.65,-1.01
143.72,-0.98
145.83,-0.90
147.97,-0.76
150.14,-0.66
152.34,-0.55
154.58,-0.41
156.84,-0.31
159.14,-0.16
161.48,0.03
163.85,0.20
166.25,0.35
168.69,0.49
171.16,0.61
173.67,0.73
176.22,0.81
178.80,0.88
181.43,0.96
184.09,1.02
186.79,1.11
189.53,1.17
192.31,1.22
195.13,1.27
197.99,1.35
200.89,1.43
203.84,1.51
206.83,1.62
209.86,1.72
212.94,1.81
216.06,1.82
219.23,1.84
222.44,1.85
225.71,1.86
229.02,1.87
232.38,1.91
235.78,1.98
239.24,2.04
242.75,2.11
246.31,2.20
249.92,2.28
253.59,2.36
257.31,2.44
261.08,2.51
264.91,2.57
268.79,2.63
272.74,2.68
276.74,2.72
280.80,2.74
284.91,2.76
289.09,2.76
293.33,2.74
297.63,2.70
302.00,2.65
306.43,2.58
310.92,2.48
315.48,2.37
320.11,2.23
324.80,2.06
329.57,1.88
334.40,1.65
339.30,1.41
344.28,1.15
349.33,0.84
354.45,0.55
359.65,0.20
364.93,-0.13
370.28,-0.44
375.71,-0.73
381.22,-0.97
386.81,-1.18
392.48,-1.31
398.24,-1.42
404.08,-1.51
410.00,-1.52
416.02,-1.49
422.12,-1.40
428.31,-1.27
434.59,-1.10
440.96,-0.91
447.43,-0.70
453.99,-0.43
460.65,-0.12
467.41,0.19
474.26,0.45
481.22,0.71
488.27,0.94
495.44,1.23
502.70,1.49
510.07,1.74
517.55,2.00
525.14,2.23
532.85,2.44
540.66,2.61
548.59,2.76
556.64,2.87
564.80,2.93
573.08,2.95
581.49,2.94
590.01,2.91
598.67,2.84
607.45,2.76
616.36,2.66
625.40,2.54
634.57,2.42
643.87,2.29
653.32,2.17
662.90,2.07
672.62,1.99
682.48,1.95
692.49,1.95
702.65,1.99
712.95,2.06
723.41,2.14
734.02,2.24
744.79,2.36
755.71,2.49
766.79,2.62
778.04,2.72
789.45,2.82
801.02,2.89
812.77,2.97
824.69,3.04
836.79,3.14
849.06,3.22
861.51,3.31
874.15,3.42
886.97,3.57
899.97,3.72
913.17,3.83
926.57,3.92
940.15,3.93
953.94,3.84
967.93,3.65
982.13,3.34
996.53,2.92
1011.15,2.37
1025.98,1.84
1041.02,1.41
1056.29,1.15
1071.78,1.06
1087.50,1.14
1103.45,1.37
1119.63,1.73
1136.05,2.14
1152.71,2.53
1169.62,2.86
1186.77,3.14
1204.18,3.29
1221.84,3.33
1239.76,3.29
1257.94,3.21
1276.39,3.13
1295.11,3.07
1314.10,3.05
1333.37,3.09
1352.93,3.15
1372.77,3.26
1392.90,3.41
1413.33,3.59
1434.06,3.74
1455.09,3.84
1476.43,3.86
1498.08,3.79
1520.05,3.57
1542.34,3.17
1564.96,2.59
1587.91,1.90
1611.20,1.12
1634.83,0.40
1658.81,-0.13
1683.14,-0.41
1707.82,-0.41
1732.87,-0.19
1758.28,0.32
1784.07,1.08
1810.23,2.06
1836.78,3.03
1863.72,3.82
1891.05,4.37
1918.78,4.67
1946.93,4.71
1975.48,4.59
2004.45,4.38
2033.85,4.14
2063.68,3.90
2093.94,3.66
2124.65,3.44
2155.81,3.17
2187.43,2.79
2219.51,2.18
2252.06,1.40
2285.08,0.58
2318.60,-0.16
2352.60,-0.78
2387.10,-1.34
2422.11,-1.86
2457.63,-2.42
2493.68,-3.05
2530.25,-3.71
2567.36,-4.39
2605.01,-5.34
2643.21,-6.77
2681.98,-8.46
2721.31,-9.71
2761.22,-10.68
2801.72,-12.10
2842.81,-14.51
2884.50,-14.97
2926.80,-14.66
2969.73,-13.67
3013.28,-12.66
3057.47,-12.45
3102.31,-12.60
3147.81,-11.65
3193.97,-9.59
3240.82,-9.07
3288.35,-8.86
3336.57,-8.60
3385.51,-8.01
3435.16,-6.84
3485.54,-5.31
3536.65,-4.13
3588.52,-3.36
3641.15,-3.21
3694.55,-3.81
3748.73,-4.54
3803.71,-5.14
3859.50,-5.88
3916.10,-6.69
3973.53,-7.42
4031.80,-8.24
4090.93,-9.24
4150.93,-9.51
4211.81,-9.70
4273.58,-10.34
4336.25,-10.71
4399.85,-11.05
4464.37,-12.25
4529.85,-12.60
4596.28,-11.82
4663.69,-11.32
4732.09,-10.99
4801.48,-10.28
4871.90,-9.68
4943.35,-8.97
5015.85,-7.40
5089.41,-6.40
5164.05,-5.86
5239.79,-5.26
5316.63,-4.67
5394.60,-4.49
5473.72,-4.76
5554.00,-5.42
5635.45,-6.38
5718.10,-7.67
5801.96,-9.49
5887.05,-11.20
5973.39,-12.78
6060.99,-12.87
6149.88,-12.30
6240.07,-11.49
6331.59,-10.54
6424.45,-9.42
6518.66,-7.90
6614.27,-6.25
6711.27,-4.69
6809.70,-4.59
6909.56,-5.54
7010.90,-7.88
7113.72,-10.83
7218.05,-11.93
7323.90,-11.52
7431.32,-11.06
7540.30,-10.92
7650.89,-11.13
7763.09,-11.44
7876.94,-10.97
7992.46,-10.16
8109.68,-11.13
8228.61,-13.50
8349.29,-16.07
8471.74,-18.70
8595.99,-21.16
8722.05,-23.08
8849.97,-24.45
8979.76,-25.70
9111.46,-26.76
9245.08,-27.59
9380.67,-28.61
9518.24,-29.19
9657.83,-28.92
9799.47,-28.34
9943.19,-28.24
10089.02,-28.33
10236.98,-28.31
10387.11,-28.41
10539.45,-28.17
10694.02,-27.82
10850.85,-27.65
11009.99,-27.49
11171.46,-27.14
11335.29,-26.55
11501.54,-26.21
11670.21,-26.06
11841.37,-26.57
12015.03,-27.39
12191.24,-28.77
12370.03,-30.69
12551.45,-32.97
12735.53,-36.07
12922.30,-39.24
13111.82,-42.89
13304.11,-45.80
13499.23,-48.62
13697.20,-51.29
13898.08,-53.39
14101.91,-55.37
14308.72,-57.35
14518.57,-58.91
14731.50,-59.85
14947.55,-61.01
15166.76,-62.10
15389.20,-62.74
15614.89,-63.48
15843.89,-63.84
16076.26,-63.51
16312.03,-63.02
16551.26,-62.38
16793.99,-61.50
17040.29,-60.42
17290.20,-58.04
17543.77,-53.00
17801.06,-46.27
18062.13,-39.21
18327.02,-32.62
18595.80,-25.91
18868.53,-20.21
19145.25,-17.85
19426.03,-18.10
19710.92,-21.14
20000.00,-26.02
