freq_hz,avg_gated_db (3 runs, padded setup, mic correction applied)
60.00,11.43
60.88,11.15
61.77,10.91
62.68,10.69
63.60,10.48
64.53,10.34
65.48,10.19
66.44,10.02
67.41,9.86
68.40,9.72
69.40,9.57
70.42,9.42
71.45,9.28
72.50,9.14
73.57,9.03
74.64,8.94
75.74,8.87
76.85,8.82
77.98,8.73
79.12,8.65
80.28,8.62
81.46,8.58
82.65,8.55
83.86,8.52
85.09,8.49
86.34,8.51
87.61,8.49
88.89,8.49
90.20,8.53
91.52,8.50
92.86,8.53
94.22,8.56
95.61,8.59
97.01,8.62
98.43,8.66
99.87,8.71
101.34,8.79
102.83,8.89
104.33,8.96
105.86,9.02
107.42,9.11
108.99,9.20
110.59,9.28
112.21,9.40
113.86,9.46
115.53,9.53
117.22,9.58
118.94,9.63
120.69,9.76
122.46,9.89
124.25,10.01
126.07,10.07
127.92,10.12
129.80,10.18
131.70,10.20
133.63,10.26
135.59,10.38
137.58,10.47
139.60,10.55
141.65,10.58
143.72,10.57
145.83,10.59
147.97,10.66
150.14,10.70
152.34,10.74
154.58,10.80
156.84,10.83
159.14,10.90
161.48,10.99
163.85,11.07
166.25,11.13
168.69,11.17
171.16,11.19
173.67,11.19
176.22,11.15
178.80,11.10
181.43,11.05
184.09,11.00
186.79,10.93
189.53,10.84
192.31,10.73
195.13,10.61
197.99,10.51
200.89,10.39
203.84,10.27
206.83,10.15
209.86,10.01
212.94,9.84
216.06,9.57
219.23,9.28
222.44,8.96
225.71,8.62
229.02,8.24
232.38,7.86
235.78,7.46
239.24,7.04
242.75,6.60
246.31,6.14
249.92,5.69
253.59,5.26
257.31,4.87
261.08,4.57
264.91,4.40
268.79,4.34
272.74,4.43
276.74,4.63
280.80,4.93
284.91,5.36
289.09,5.77
293.33,6.22
297.63,6.69
302.00,7.05
306.43,7.41
310.92,7.72
315.48,7.92
320.11,8.09
324.80,8.17
329.57,8.16
334.40,8.05
339.30,7.83
344.28,7.48
349.33,7.03
354.45,6.74
359.65,6.58
364.93,6.57
370.28,6.76
375.71,7.04
381.22,7.44
386.81,8.06
392.48,8.67
398.24,9.22
404.08,9.56
410.00,9.74
416.02,9.82
422.12,9.77
428.31,9.62
434.59,9.32
440.96,8.91
447.43,8.32
453.99,7.59
460.65,6.59
467.41,5.29
474.26,3.89
481.22,2.92
488.27,2.43
495.44,2.25
502.70,2.37
510.07,2.83
517.55,3.62
525.14,4.74
532.85,5.96
540.66,6.74
548.59,7.26
556.64,7.58
564.80,7.73
573.08,7.78
581.49,7.76
590.01,7.71
598.67,7.62
607.45,7.51
616.36,7.35
625.40,7.13
634.57,6.80
643.87,6.32
653.32,5.62
662.90,4.66
672.62,3.24
682.48,1.10
692.49,-0.79
702.65,-2.11
712.95,-2.99
723.41,-3.64
734.02,-4.02
744.79,-4.11
755.71,-3.73
766.79,-2.66
778.04,-1.77
789.45,-1.26
801.02,-0.86
812.77,-0.46
824.69,-0.02
836.79,0.48
849.06,0.98
861.51,1.45
874.15,1.87
886.97,2.17
899.97,2.22
913.17,2.03
926.57,1.77
940.15,1.53
953.94,1.25
967.93,0.87
982.13,0.36
996.53,-0.25
1011.15,-0.78
1025.98,-1.00
1041.02,-1.05
1056.29,-1.02
1071.78,-0.85
1087.50,-0.48
1103.45,0.05
1119.63,0.65
1136.05,1.02
1152.71,1.10
1169.62,1.15
1186.77,1.37
1204.18,1.64
1221.84,1.88
1239.76,2.02
1257.94,2.07
1276.39,2.34
1295.11,2.86
1314.10,3.36
1333.37,3.62
1352.93,3.62
1372.77,3.38
1392.90,2.88
1413.33,1.99
1434.06,0.27
1455.09,-0.83
1476.43,-1.35
1498.08,-1.50
1520.05,-1.35
1542.34,-0.97
1564.96,-0.30
1587.91,0.85
1611.20,2.43
1634.83,3.13
1658.81,3.18
1683.14,2.73
1707.82,1.84
1732.87,0.50
1758.28,-0.95
1784.07,-2.53
1810.23,-4.62
1836.78,-7.00
1863.72,-8.52
1891.05,-9.18
1918.78,-9.19
1946.93,-8.76
1975.48,-8.20
2004.45,-7.52
2033.85,-6.44
2063.68,-5.74
2093.94,-6.44
2124.65,-7.32
2155.81,-8.58
2187.43,-10.67
2219.51,-11.82
2252.06,-12.00
2285.08,-11.45
2318.60,-10.17
2352.60,-8.26
2387.10,-6.62
2422.11,-4.73
2457.63,-2.36
2493.68,-1.52
2530.25,-1.19
2567.36,-0.49
2605.01,0.50
2643.21,1.59
2681.98,2.44
2721.31,2.75
2761.22,2.78
2801.72,3.25
2842.81,3.38
2884.50,2.55
2926.80,1.36
2969.73,0.79
3013.28,0.61
3057.47,0.57
3102.31,0.20
3147.81,-0.08
3193.97,-0.02
3240.82,0.55
3288.35,0.91
3336.57,0.53
3385.51,0.32
3435.16,0.59
3485.54,1.55
3536.65,2.54
3588.52,2.94
3641.15,2.18
3694.55,1.10
3748.73,0.23
3803.71,-0.92
3859.50,-2.12
3916.10,-3.63
3973.53,-5.34
4031.80,-6.33
4090.93,-6.23
4150.93,-6.06
4211.81,-6.43
4273.58,-5.60
4336.25,-4.74
4399.85,-3.94
4464.37,-3.65
4529.85,-4.54
4596.28,-4.44
4663.69,-4.08
4732.09,-3.70
4801.48,-4.33
4871.90,-4.95
4943.35,-5.89
5015.85,-6.94
5089.41,-7.27
5164.05,-8.85
5239.79,-9.93
5316.63,-10.06
5394.60,-10.62
5473.72,-11.29
5554.00,-11.64
5635.45,-11.95
5718.10,-11.64
5801.96,-11.52
5887.05,-12.81
5973.39,-14.28
6060.99,-15.39
6149.88,-15.46
6240.07,-15.20
6331.59,-14.58
6424.45,-15.34
6518.66,-14.95
6614.27,-14.07
6711.27,-13.98
6809.70,-13.47
6909.56,-14.25
7010.90,-14.84
7113.72,-15.55
7218.05,-16.75
7323.90,-19.24
7431.32,-20.60
7540.30,-21.41
7650.89,-23.22
7763.09,-24.65
7876.94,-26.19
7992.46,-27.45
8109.68,-27.86
8228.61,-27.31
8349.29,-27.35
8471.74,-27.32
8595.99,-27.45
8722.05,-27.53
8849.97,-27.57
8979.76,-27.60
9111.46,-27.70
9245.08,-28.11
9380.67,-28.36
9518.24,-28.87
9657.83,-29.23
9799.47,-29.32
9943.19,-29.26
10089.02,-29.03
10236.98,-28.90
10387.11,-28.88
10539.45,-28.87
10694.02,-29.06
10850.85,-28.49
11009.99,-27.90
11171.46,-28.00
11335.29,-27.96
11501.54,-27.75
11670.21,-27.49
11841.37,-28.28
12015.03,-28.52
12191.24,-29.05
12370.03,-29.74
12551.45,-30.48
12735.53,-31.04
12922.30,-31.69
13111.82,-32.16
13304.11,-31.73
13499.23,-32.12
13697.20,-33.01
13898.08,-33.46
14101.91,-34.13
14308.72,-34.36
14518.57,-34.42
14731.50,-35.12
14947.55,-36.04
15166.76,-36.67
15389.20,-36.73
15614.89,-37.17
15843.89,-37.18
16076.26,-37.76
16312.03,-38.27
16551.26,-38.48
16793.99,-38.44
17040.29,-38.33
17290.20,-38.28
17543.77,-38.37
17801.06,-38.60
18062.13,-37.88
18327.02,-36.71
18595.80,-35.32
18868.53,-34.91
19145.25,-34.95
19426.03,-34.98
19710.92,-34.87
20000.00,-34.67
