freq_hz,gated_db,long_db (1/6 octave, relative to the 0.5-4 kHz mean)
6.000000000000000000e+01,1.003839667962008519e+01,1.218038936065058664e+01
6.087994546880344870e+01,9.736316039804421507e+00,1.202521808824610616e+01
6.177279600474133048e+01,9.467567701451670814e+00,1.180543104325212767e+01
6.267874087040286213e+01,9.220694996276648681e+00,1.149712030087759018e+01
6.359797210405646695e+01,8.990106901974634468e+00,1.114161308431681618e+01
6.453068456035734357e+01,8.832516636849490510e+00,1.076821843815847046e+01
6.547707595165182681e+01,8.666907961228744739e+00,1.032639224867160976e+01
6.643734688988774906e+01,8.479590911324741853e+00,9.806431700096915449e+00
6.741170092913907297e+01,8.302904970916600291e+00,9.149873375869162828e+00
6.840034460875456546e+01,8.135097452037356902e+00,8.373844750922941671e+00
6.940348749713899679e+01,7.966396181939089161e+00,7.476353728609893778e+00
7.042134223617672717e+01,7.800042513171121072e+00,6.438701869368479436e+00
7.145412458630640629e+01,7.641417697122804498e+00,5.242657152719004898e+00
7.250205347225703179e+01,7.484750777868619309e+00,3.884552780871899813e+00
7.356535102945463223e+01,7.361302564023596062e+00,2.071556131983001592e+00
7.464424265110969259e+01,7.251807351600447760e+00,2.508303829446845157e-02
7.573895703599484364e+01,7.168041766314232177e+00,-1.678140543515219463e+00
7.684972623692351590e+01,7.097244416562908498e+00,-3.212330720060926126e+00
7.797678570993961955e+01,7.002226870167959305e+00,-4.197546227835736943e+00
7.912037436422826886e+01,6.913911066045464793e+00,-4.847645733800440837e+00
8.028073461275884881e+01,6.863812790881425485e+00,-5.355303967109492191e+00
8.145811242367062732e+01,6.817527767699488095e+00,-5.487644965115435980e+00
8.265275737241213960e+01,6.774641882508923629e+00,-5.191981728923785511e+00
8.386492269464488913e+01,6.734783591051538565e+00,-4.461922392884680733e+00
8.509486533992330237e+01,6.695622149439216741e+00,-3.427560892298686213e+00
8.634284602616168058e+01,6.710321514919172614e+00,-1.948918123080858322e+00
8.760912929490025647e+01,6.676978521063276162e+00,-8.148110736524714071e-01
8.889398356738129792e+01,6.667356416871179192e+00,2.332557883808448196e-01
9.019768120144806289e+01,6.699350202301154411e+00,1.252369454099600432e+00
9.152049854927788886e+01,6.671952051753656576e+00,1.888343457565305528e+00
9.286271601596237701e+01,6.696803245069368415e+00,2.781395171431853441e+00
9.422461811894616801e+01,6.719669605531308321e+00,3.622568318335893878e+00
9.560649354833782354e+01,6.742398641196899689e+00,4.395791792436902767e+00
9.700863522810524842e+01,6.759993633080775055e+00,5.088715505673917505e+00
9.843134037816821547e+01,6.796399617992328501e+00,5.756181383429400000e+00
9.987491057740186307e+01,6.843030693721033231e+00,6.351325148292318090e+00
1.013396518275641114e+02,6.920571219764546811e+00,6.821924528364071705e+00
1.028258746181605119e+02,7.010679512336032815e+00,7.216151173197815183e+00
1.043338939922604283e+02,7.074892267850202643e+00,7.467586434857558686e+00
1.058640296132789160e+02,7.133034709652825711e+00,7.639487381439295177e+00
1.074166058327368916e+02,7.218951662791148749e+00,7.800767048863150421e+00
1.089919517590162741e+02,7.301611519714143128e+00,7.880871115119283843e+00
1.105904013271227910e+02,7.372385702727719092e+00,7.873207073012672197e+00
1.122122933694720643e+02,7.484653755904957961e+00,7.759631071697484117e+00
1.138579716877138992e+02,7.547616847782855132e+00,7.562784749451125776e+00
1.155277851256096966e+02,7.604749691492173724e+00,7.265205155635705125e+00
1.172220876429793464e+02,7.656670060113185627e+00,6.853161827910625448e+00
1.189412383907313568e+02,7.694694416431907769e+00,6.373676773064460122e+00
1.206856017869945958e+02,7.819899250408170133e+00,5.737606355790070722e+00
1.224555475943659815e+02,7.941324275039207237e+00,4.878822807086599767e+00
1.242514509982911051e+02,8.060398724991081565e+00,3.413033132360737909e+00
1.260736926865944412e+02,8.106041843888881715e+00,2.055066257062954094e+00
1.279226589301758992e+02,8.147246283137469902e+00,8.637450291795332191e-01
1.297987416648908550e+02,8.197470759698560983e+00,5.019299089319417817e-02
1.317023385746308861e+02,8.217659598364093654e+00,-1.344810050305369487e-01
1.336338531756236137e+02,8.267239568489500812e+00,-1.612943920569946954e-01
1.355936949019675524e+02,8.370550078147758200e+00,5.416514851856746304e-01
1.375822791924225896e+02,8.450133299276956222e+00,1.431120527623932048e+00
1.396000275784729752e+02,8.524078892162073373e+00,2.765762308123228763e+00
1.416473677736815375e+02,8.541546229141857793e+00,4.346521490857050196e+00
1.437247337643546530e+02,8.523172745834365571e+00,5.524529616690571743e+00
1.458325659015366114e+02,8.526133916302356397e+00,6.844669359909879347e+00
1.479713109943538996e+02,8.577073125172532286e+00,8.023970229557278344e+00
1.501414224047270238e+02,8.601773917741425635e+00,8.782993492556215642e+00
1.523433601434727507e+02,8.625362997541650145e+00,9.311058860455496244e+00
1.545775909678150981e+02,8.669950343856655195e+00,9.680157016103969170e+00
1.568445884803264789e+02,8.690759284809701057e+00,9.888030876577701633e+00
1.591448332293198860e+02,8.733602652663627453e+00,1.022001430585980586e+01
1.614788128107134071e+02,8.804883248082902014e+00,1.081947902223063096e+01
1.638470219713891822e+02,8.856841443989978302e+00,1.146665590144677793e+01
1.662499627140668963e+02,8.891269486832179325e+00,1.225001521394330695e+01
1.686881444037166489e+02,8.905525397581868674e+00,1.316167736212433681e+01
1.711620838755318630e+02,8.902794547168859651e+00,1.401393538658374638e+01
1.736723055444857096e+02,8.865756035151484582e+00,1.507237334652950267e+01
1.762193415164943247e+02,8.792807866094079827e+00,1.583362967474307226e+01
1.788037317012102676e+02,8.706977292673862223e+00,1.629392587565082806e+01
1.814260239264707195e+02,8.619749406880259812e+00,1.636387743793246585e+01
1.840867740544227900e+02,8.525647510959309727e+00,1.612206646369460117e+01
1.867865460993533588e+02,8.404437952917824362e+00,1.591684200076308286e+01
1.895259123472462193e+02,8.262510281505704768e+00,1.588234338462262230e+01
1.923054534770928683e+02,8.100337889155262872e+00,1.599431601979606654e+01
1.951257586839822125e+02,7.918572169979491093e+00,1.626578265034515880e+01
1.979874258039954213e+02,7.746554660967923667e+00,1.684616338573087546e+01
2.008910614409336972e+02,7.558566361525898003e+00,1.743307042088222403e+01
2.038372810949012433e+02,7.350129331416113132e+00,1.817171339274550945e+01
2.068267092927791282e+02,7.147741431259575506e+00,1.892555364031300513e+01
2.098599797206076119e+02,6.905625916539264608e+00,1.930640416338097509e+01
2.129377353579131693e+02,6.616994921221134973e+00,1.953792145758822230e+01
2.160606286140042300e+02,6.228710248605700883e+00,1.949608774475390405e+01
2.192293214662661853e+02,5.797820819882829824e+00,1.931308553880814927e+01
2.224444856004844269e+02,5.306659885407555066e+00,1.904819083254660228e+01
2.257068025532252022e+02,4.775614929189750058e+00,1.867677648349648223e+01
2.290169638563056367e+02,4.180941887539013635e+00,1.819936866305808465e+01
2.323756711833802910e+02,3.539932624651761728e+00,1.760939563840999256e+01
2.357836364986798685e+02,2.809994608997456567e+00,1.674845338619451951e+01
2.392415822079300938e+02,1.994183195721767277e+00,1.577676791946016266e+01
2.427502413114840181e+02,1.066040549511861002e+00,1.468415101134910827e+01
2.463103575597004067e+02,-5.777216861736178544e-02,1.348346015229803641e+01
2.499226856106004107e+02,-1.341359415328668092e+00,1.227435023745793785e+01
2.535879911898377088e+02,-2.800234263580925642e+00,1.072853662836866562e+01
2.573070512530121619e+02,-4.282907110239541737e+00,8.284571691900232793e+00
2.610806541503665699e+02,-5.486682412889486216e+00,5.951425201817819755e+00
2.649095997938974847e+02,-6.139986105848187492e+00,5.330457987389792152e+00
2.687946998269170535e+02,-6.428414047118401697e+00,5.228605526103017098e+00
2.727367777961017055e+02,-6.126462289931815519e+00,5.541143254662202366e+00
2.767366693260636339e+02,-5.467671963045212635e+00,5.868367566433597915e+00
2.807952222964843827e+02,-4.388688464170101611e+00,6.249771454433847850e+00
2.849132970218415721e+02,-2.713143036497321248e+00,7.278265104110651862e+00
2.890917664337785595e+02,-1.133388552558429296e+00,9.238521907676293665e+00
2.933315162661417048e+02,5.614223086927339068e-01,1.128513577172230242e+01
2.976334452427356609e+02,2.152547665768295815e+00,1.226643552539682247e+01
3.019984652678307384e+02,3.317893866556708815e+00,1.269343307847113067e+01
3.064275016194641239e+02,4.454979670251134394e+00,1.290551359299517742e+01
3.109214931455779265e+02,5.516065229716716090e+00,1.282586749234260282e+01
3.154813924630284987e+02,6.314907660765712194e+00,1.234481889022590195e+01
3.201081661595225683e+02,7.106565589826942642e+00,1.107309483992206367e+01
3.248027949985068403e+02,7.850183644047149301e+00,8.665783013422782233e+00
3.295662741270673450e+02,8.420550759193794477e+00,7.483851767752909723e+00
3.343996132868764448e+02,9.014541833714197594e+00,6.865388451896762945e+00
3.393038370282333176e+02,9.497997744139766496e+00,6.664914089053887380e+00
3.442799849272436177e+02,9.909911872980472936e+00,6.845936350858494279e+00
3.493291118061840734e+02,1.031374978173704449e+01,7.412568425567222619e+00
3.544522879571005092e+02,1.061467510442741968e+01,8.286864937245510987e+00
3.596505993686815827e+02,1.090721734042742241e+01,9.947551018322158711e+00
3.649251479564634906e+02,1.112813721849372683e+01,1.186909237180115184e+01
3.702770517964088413e+02,1.132827912601698728e+01,1.256797635872607799e+01
3.757074453619113115e+02,1.148222080592540806e+01,1.280032865335871861e+01
3.812174797642768453e+02,1.158049653202103002e+01,1.269234742582420949e+01
3.868083229967305670e+02,1.165729105555277556e+01,1.204761049119802863e+01
3.924811601820044871e+02,1.167891322614210026e+01,1.092421378678765365e+01
3.982371938235523885e+02,1.161517824826196232e+01,1.013228451963210119e+01
4.040776440604529967e+02,1.145550083072620140e+01,9.790682138934286627e+00
4.100037489260491270e+02,1.121723800332370757e+01,9.772670831327104679e+00
4.160167646103808465e+02,1.091460270928834575e+01,9.963482644884926742e+00
4.221179657264671050e+02,1.051622726240461247e+01,1.044712507976679206e+01
4.283086455804922252e+02,1.004000756434480479e+01,1.104517128082873967e+01
4.345901164459576194e+02,9.448631410766566319e+00,1.211714399834932010e+01
4.409637098418468781e+02,8.757474545652684128e+00,1.361177382099461397e+01
4.474307768148817672e+02,7.912661794632384726e+00,1.445931885916002813e+01
4.539926882259061358e+02,6.986253136954935883e+00,1.476585465897316141e+01
4.606508350404774887e+02,5.890760524217945715e+00,1.432803348287113465e+01
4.674066286237173813e+02,4.665057169961784211e+00,1.301172304298420102e+01
4.742615010394863475e+02,3.318048543886355617e+00,1.024759751143332664e+01
4.812169053539466290e+02,2.067246689063424014e+00,5.520269750517037721e+00
4.882743159435764824e+02,1.246828785936756390e+00,2.474022599314807280e+00
4.954352288077040498e+02,7.614302620731621118e-01,-1.885705450226566882e+00
5.027011618856197401e+02,6.927733071313610935e-01,-4.042775385588228687e+00
5.100736553783443696e+02,1.014535377859637322e+00,-4.889286261355266561e+00
5.175542720751141132e+02,1.685041122353936771e+00,-4.958203419582140725e+00
5.251445976846534904e+02,2.642381848854029158e+00,-3.674123187621901820e+00
5.328462411713072697e+02,3.876983253650116978e+00,-1.060791758548511154e+00
5.406608350961006408e+02,5.018994049247389455e+00,2.786818904202327474e+00
5.485900359628057004e+02,6.055030745378132906e+00,5.343880351529861628e+00
5.566355245690756419e+02,6.931649993165947876e+00,8.807206964277213501e+00
5.647990063627354402e+02,7.537626672707382625e+00,1.041716436066553797e+01
5.730822118032950812e+02,8.001391660230993352e+00,1.143593659739706681e+01
5.814868967287645773e+02,8.261410099594620249e+00,1.192224949378427112e+01
5.900148427278487588e+02,8.366008447911525536e+00,1.181486034221198622e+01
5.986678575176006234e+02,8.300990659075274891e+00,1.108967345964527595e+01
6.074477753266160107e+02,8.057956979363666505e+00,1.013081863676586636e+01
6.163564572838384947e+02,7.634657242931780274e+00,9.581984761307388965e+00
6.253957918130828375e+02,7.035487509035753817e+00,9.121876360444645115e+00
6.345676950333272544e+02,6.191749878169460430e+00,8.323639616468874181e+00
6.438741111648877222e+02,5.085301717293830848e+00,7.263291502481948214e+00
6.533170129415442489e+02,3.658686426069856168e+00,6.105539328984910696e+00
6.628984020287120984e+02,1.891132216585418746e+00,5.210390112594332379e+00
6.726203094477497189e+02,-2.094111120309065655e-01,4.926977843815578240e+00
6.824847960064777226e+02,-2.112910223457340919e+00,4.955387519673422503e+00
6.924939527360301099e+02,-3.504684369894086160e+00,4.788423559750789593e+00
7.026499013340944657e+02,-4.471352797635454124e+00,4.715214363446072809e+00
7.129547946146632285e+02,-4.958186736785364701e+00,5.016927082898249068e+00
7.234108169643776591e+02,-5.052240496198642461e+00,5.452930645883547811e+00
7.340201848055636447e+02,-4.704084543161336285e+00,5.829474016628061861e+00
7.447851470660631321e+02,-3.875124199779023115e+00,5.986219176344803827e+00
7.557079856559439577e+02,-2.589718503422929530e+00,6.080647890994178795e+00
7.667910159512201744e+02,-1.383784863711397861e+00,5.863370567535817202e+00
7.780365872846439288e+02,-4.394610483975114334e-01,5.424062595247079344e+00
7.894470834437175881e+02,2.930196781737919309e-01,4.757988889082056971e+00
8.010249231759909208e+02,8.826946813000446923e-01,2.584588932105347681e+00
8.127725607017790708e+02,1.389509734636384053e+00,1.355265236914796390e+00
8.246924862344017129e+02,1.830359709809350477e+00,8.432484177726990993e-01
8.367872265080377474e+02,2.241706987093195380e+00,1.221528050513285280e-01
8.490593453133444655e+02,2.579257807854176576e+00,-5.119380132693009955e-01
8.615114440409053032e+02,2.871883620488560496e+00,-3.238980049503581427e-01
8.741461622326737597e+02,3.141560710694037084e+00,2.883914669370497563e-01
8.869661781414831694e+02,3.414557375734410982e+00,1.202428730887859842e+00
8.999742092987750084e+02,3.647055592702599824e+00,3.103114585771422185e+00
9.131730130906487375e+02,3.840462934712910226e+00,3.303863166603655088e+00
9.265653873423595996e+02,4.012629850323861547e+00,2.837255885498414898e+00
9.401541709113943170e+02,4.108399996810703669e+00,4.101376515139605772e+00
9.539422442892290519e+02,4.108321839672413489e+00,5.306800450794753488e+00
9.679325302119373191e+02,3.970879414137158392e+00,5.488111655658322263e+00
9.821279942797282274e+02,3.659580361237857460e+00,4.689028903353168687e+00
9.965316455855859203e+02,3.137030247828135998e+00,3.198034178471836242e+00
1.011146537353124017e+03,2.383482516783878680e+00,2.500965714629366232e+00
1.025975767583792504e+03,1.616104610635723304e+00,1.863082415674817582e+00
1.041022479713585199e+03,9.606199109905233513e-01,1.327523255325367302e+00
1.056289863279359224e+03,4.856837634399369108e-01,2.535134445479627630e-01
1.071781154594953932e+03,1.746615650363381178e-01,-6.270014306415916394e-01
1.087499637437199908e+03,-4.975428149700178437e-02,-1.063463238259345189e+00
1.103448643742004151e+03,-2.488763660570540992e-01,-1.055103932590483851e+00
1.119631554310639103e+03,-5.562144060000804302e-01,-4.803775554423950211e-01
1.136051799526387867e+03,-1.285814899548370249e+00,-2.947528849218556957e-01
1.152712860081710005e+03,-2.206574688499664205e+00,-2.621028277250729843e-01
1.169618267716048194e+03,-2.600194613488270079e+00,2.538252139026866416e-01
1.186771605964490618e+03,-2.430773145728721829e+00,5.417618309620806372e-01
1.204176510917373434e+03,-1.927098764711168144e+00,5.463321058595695945e-01
1.221836671991061621e+03,-1.135139335435951580e+00,1.007720094001868461e+00
1.239755832710002096e+03,-1.100626670532633966e-01,2.087595092204985292e+00
1.257937791500264211e+03,1.288500871044014673e+00,3.084443385100293256e+00
1.276386402494720187e+03,3.128540095233461216e+00,4.081157552197119287e+00
1.295105576350011461e+03,5.034128174393529775e+00,5.679437340253123523e+00
1.314099281075534009e+03,6.314281562030856776e+00,6.978474250833500037e+00
1.333371542874537454e+03,6.906631981641425000e+00,7.726276440626278941e+00
1.352926446997602625e+03,6.961206904693618469e+00,8.273430439148782511e+00
1.372768138608600793e+03,6.504687204605353656e+00,8.235027748180968388e+00
1.392900823663373785e+03,5.525486210022940270e+00,7.605087134845994967e+00
1.413328769801293447e+03,3.879138094592192942e+00,6.545082822394228117e+00
1.434056307249895326e+03,6.873772646324169955e-01,5.903099558649302026e+00
1.455087829742789381e+03,-1.383111947582008838e+00,5.149628542869550074e+00
1.476427795451008024e+03,-2.429113554190095670e+00,3.924090387530739577e+00
1.498080727928050919e+03,-2.933699394041020980e+00,3.304144486876921860e+00
1.520051217068752067e+03,-2.999032739648761492e+00,3.758468139482602055e+00
1.542343920082232216e+03,-2.709053676112240794e+00,3.335121742777246823e+00
1.564963562479113989e+03,-2.018128940024993767e+00,3.703935124467044204e+00
1.587914939073212508e+03,-7.001662327159863253e-01,4.888110349615551797e+00
1.611202914997927110e+03,1.817975926855197599e+00,5.899249006050702349e+00
1.634832426737514197e+03,3.116649705901572531e+00,6.866367992140197885e+00
1.658808483173524564e+03,3.391423240139090467e+00,7.427545236569756071e+00
1.683136166646545689e+03,2.966338747220568450e+00,5.444315769853673714e+00
1.707820634033543001e+03,1.908025182550247223e+00,3.985951652145395485e+00
1.732867117840990431e+03,1.064769613803164816e-01,1.460381170101733517e+00
1.758280927314033079e+03,-2.699713413512945692e+00,-1.169803046741648700e+00
1.784067449561926878e+03,-5.747968682836869903e+00,-3.382998945027559046e+00
1.810232150699953991e+03,-7.671939961711906619e+00,-5.759603811614383062e+00
1.836780577008134969e+03,-8.998747054242173249e+00,-7.587647146455879010e+00
1.863718356106874580e+03,-9.964467468899186997e+00,-8.215891329631965334e+00
1.891051198149908942e+03,-1.064003558312563058e+01,-7.805309479906462400e+00
1.918784897034697906e+03,-1.088727882753882881e+01,-8.662911518751897688e+00
1.946925331630600795e+03,-1.048449751919309847e+01,-6.578490092841512649e+00
1.975478467025050804e+03,-9.119527979615611457e+00,-5.051347349355623351e+00
2.004450355788006618e+03,-7.734742883387959012e+00,-4.106872938682826657e+00
2.033847139254960666e+03,-7.682428764937881738e+00,-4.444448668893379306e+00
2.063675048828729359e+03,-9.433425389208174749e+00,-4.142763534472656772e+00
2.093940407300389325e+03,-1.105735734427967998e+01,-4.081148930587907842e+00
2.124649630189529489e+03,-1.176812200067739411e+01,-4.634052457032559857e+00
2.155809227104199636e+03,-1.280586258239446096e+01,-4.862270067535597207e+00
2.187425803120782803e+03,-1.443436410229551825e+01,-5.092097981559120967e+00
2.219506060184111902e+03,-1.467722991766703444e+01,-4.807450364541502097e+00
2.252056798528127729e+03,-1.412887247365423349e+01,-5.684643652623755372e+00
2.285084918117338930e+03,-1.273100026149494113e+01,-5.244416383926427727e+00
2.318597420109480026e+03,-9.776803216139988706e+00,-4.674767367402502316e+00
2.352601408339558475e+03,-7.220991328284014799e+00,-4.406461185661953550e+00
2.387104090825708681e+03,-5.241939564305326371e+00,-2.353532724083699179e+00
2.422112781297112633e+03,-2.968769000210926379e+00,-9.198316197184084331e-01
2.457634900744332299e+03,-6.858633850883464333e-01,-3.459638781154339426e-01
2.493677978992388034e+03,-1.009421251455648871e-01,-6.355784945921456597e-01
2.530249656296873582e+03,1.185140379385600795e-01,-6.114102317381195917e-01
2.567357684963538759e+03,6.560524679077701649e-01,6.478514562303132607e-01
2.605009930991561760e+03,1.422479129983457824e+00,1.718770185684327600e+00
2.643214375740961714e+03,2.240126613860020655e+00,2.869692957144636125e+00
2.681979117624451646e+03,2.858223699747000524e+00,2.913217066748458706e+00
2.721312373824100632e+03,3.093371298711723227e+00,2.865312231122636888e+00
2.761222482033191682e+03,3.085608930323488153e+00,3.249521802848335028e+00
2.801717902223577312e+03,3.471732761317923632e+00,3.497379819192630634e+00
2.842807218439032567e+03,3.484311838726810606e+00,4.058442884481316071e+00
2.884499140614815587e+03,2.367633611541371863e+00,3.946102214571098443e+00
2.926802506424006424e+03,1.052475046942610959e+00,2.323994903256938471e+00
2.969726283150846029e+03,4.130362852489426473e-01,9.414352540490398269e-01
3.013279569591597465e+03,9.015510218009126220e-02,1.684607792146870509e+00
3.057471597983266292e+03,-1.099943196421548919e-01,2.355153745748225447e+00
3.102311735960606711e+03,-1.516916105477932319e-01,2.170337790968076774e+00
3.147809488541848168e+03,1.236970830689472223e-01,3.057711316043366878e+00
3.193974500143493515e+03,7.420458022336404724e-01,3.622907434955855877e+00
3.240816556624743953e+03,1.876915674873686157e+00,4.185308343835551170e+00
3.288345587361829530e+03,2.729052968993848083e+00,4.536635871867233050e+00
3.336571667352810437e+03,2.867533821322652443e+00,4.825977147150489088e+00
3.385505019353228363e+03,2.890681085673577400e+00,4.977100972666377743e+00
3.435156016043078125e+03,3.270048902285715542e+00,4.555729385829529576e+00
3.485535182225582048e+03,4.000420190282191868e+00,4.566208478389789605e+00
3.536653197058151818e+03,4.329561116279052158e+00,5.113153927164461265e+00
3.588520896316160815e+03,3.938072651839625848e+00,5.674603743848770421e+00
3.641149274689825688e+03,3.175345706208197782e+00,4.898734262214127000e+00
3.694549488114830638e+03,2.556460971590944098e+00,5.005199286327808750e+00
3.748732856137109593e+03,1.810665288927083338e+00,4.788394802388381777e+00
3.803710864312313333e+03,1.204476262373660234e+00,2.840978158596705327e+00
3.859495166640484968e+03,6.036652202149497271e-01,2.184547531596173542e+00
3.916097588036382604e+03,-5.051629368666894493e-01,1.335584807662932860e+00
3.973530126836132240e+03,-2.244975570527032005e+00,-3.849524848128851318e-01
4.031804957340519195e+03,-3.788466231940113005e+00,-1.999979083326152818e+00
4.090934432395703425e+03,-4.504216560209890474e+00,-2.911872207306608118e+00
4.150931086011680236e+03,-5.227910713010729182e+00,-4.311320461992046660e+00
4.211807636019198981e+03,-5.930964495682495397e+00,-4.945434872204941712e+00
4.273576986765650872e+03,-5.685113423856691384e+00,-3.650022996110578788e+00
4.336252231850431599e+03,-5.087006609309042915e+00,-2.762590767488291021e+00
4.399846656900529524e+03,-4.436278613293289652e+00,-2.703204926753535631e+00
4.464373742386685990e+03,-4.614067940242321697e+00,-2.513523867575756299e+00
4.529847166480990381e+03,-4.229218289979357337e+00,-2.011715517793028596e+00
4.596280807956274657e+03,-3.554294767997198790e+00,-1.302993901127273091e+00
4.663688749128097697e+03,-3.353191133531893797e+00,6.255052720789677778e-02
4.732085278839846069e+03,-4.217570703726153170e+00,3.005277016594618544e-01
4.801484895491617863e+03,-5.191217482190040755e+00,-4.204327056202927793e-01
4.871902310113557178e+03,-6.328620341833307350e+00,-1.697846689172806123e+00
4.943352449484176759e+03,-7.849720910910839677e+00,-3.272555837272697943e+00
5.015850459294543725e+03,-9.455973071733723145e+00,-4.393417792001798716e+00
5.089411707358743115e+03,-1.096603938223017849e+01,-5.066459068662787502e+00
5.164051786871502372e+03,-1.236559701897695618e+01,-6.441669348917365312e+00
5.239786519713567941e+03,-1.306595425772537311e+01,-7.202761154299885504e+00
5.316631959805551560e+03,-1.258952105251156439e+01,-8.126726551971628965e+00
5.394604396510998413e+03,-1.329415464157960969e+01,-9.184636222809935191e+00
5.473720358089276488e+03,-1.393036988645957308e+01,-9.373580607270532994e+00
5.553996615199240296e+03,-1.361481337198000574e+01,-8.401780477334845898e+00
5.635450184454144619e+03,-1.186778421737385258e+01,-8.388222862268960967e+00
5.718098332028777804e+03,-1.141437388433098477e+01,-9.130456396834965460e+00
5.801958577319465803e+03,-1.287857573901009545e+01,-1.017279423738950328e+01
5.887048696657752771e+03,-1.458749415539747929e+01,-1.250827675238895154e+01
5.973386727078579497e+03,-1.581947562414441677e+01,-1.363247582478024356e+01
6.060990970143630875e+03,-1.724597132884359496e+01,-1.490350011546487963e+01
6.149879995820911972e+03,-1.833452914503570241e+01,-1.587199893892342573e+01
6.240072646421032005e+03,-1.931151673303970995e+01,-1.674063804011701961e+01
6.331588040591414028e+03,-1.934141418008489666e+01,-1.620247059221127017e+01
6.424445577368882368e+03,-2.030852527430074872e+01,-1.631608037051849180e+01
6.518664940291877429e+03,-1.888240661276621779e+01,-1.476774264983319540e+01
6.614266101572847219e+03,-1.761363485042781463e+01,-1.363439762835171365e+01
6.711269326331827870e+03,-1.718845407683417648e+01,-1.257231052971400942e+01
6.809695176892256313e+03,-1.701526769838470443e+01,-1.164654250355302878e+01
6.909564517139566306e+03,-1.857147161955185766e+01,-1.022747848228442535e+01
7.010898516943941104e+03,-1.868193714696936070e+01,-1.035537740577289867e+01
7.113718656647693933e+03,-2.048010340334245427e+01,-1.273758745268958137e+01
7.218046731618681406e+03,-2.183881548609906531e+01,-1.535994084471533938e+01
7.323904856870345611e+03,-2.447360094100388039e+01,-1.742122273255094456e+01
7.431315471749515382e+03,-2.603441042654546322e+01,-1.923971305066162074e+01
7.540301344693105420e+03,-2.743680147425129690e+01,-2.144158707349059512e+01
7.650885578054351754e+03,-2.832250807264001935e+01,-2.367773542704327383e+01
7.763091613000069628e+03,-2.805023072230211767e+01,-2.656806147016034458e+01
7.876943234479485909e+03,-2.950545422906451165e+01,-2.843224234649566995e+01
7.992464576266181211e+03,-2.973940793340752009e+01,-2.877249886224826980e+01
8.109680126073814790e+03,-2.950359052546114924e+01,-2.849320279167946524e+01
8.228614730746872738e+03,-2.926801294076004467e+01,-2.931851959316695400e+01
8.349293601527715509e+03,-2.937971889077252285e+01,-2.938317855887322594e+01
8.471742319400605993e+03,-2.939947071123859246e+01,-2.937222517692175927e+01
8.595986840514397045e+03,-2.940390624329582181e+01,-2.942185872178964701e+01
8.722053501684467847e+03,-2.966713619036634952e+01,-2.968666694861818200e+01
8.849969025975598925e+03,-2.975905935021228288e+01,-2.976847539906120232e+01
8.979760528366578001e+03,-2.990878575542130591e+01,-2.987460437050488338e+01
9.111455521497839072e+03,-2.997912013128124897e+01,-2.997537029469997094e+01
9.245081921503617195e+03,-3.002631424208281885e+01,-3.001346966375457725e+01
9.380668053929337475e+03,-3.027083345995832531e+01,-3.025105078943037995e+01
9.518242659736088171e+03,-3.051093211451220100e+01,-3.048608106583969857e+01
9.657834901392850952e+03,-3.052838903236653323e+01,-3.047410878688161517e+01
9.799474369058401862e+03,-3.057764406614506925e+01,-3.057183278986008190e+01
9.943191086853534216e+03,-3.077146147711486890e+01,-3.074211587389407896e+01
1.008901551922558247e+04,-3.090552575938663438e+01,-3.092921044949171971e+01
1.023697857740609652e+04,-3.122480877619918260e+01,-3.118993027477364421e+01
1.038711162596319446e+04,-3.130819873808934517e+01,-3.131982031411178014e+01
1.053944648945023800e+04,-3.144510396180130840e+01,-3.140190460007212891e+01
1.069401545915169481e+04,-3.172308826888961164e+01,-3.171186900756302407e+01
1.085085129992828297e+04,-3.221832863658693213e+01,-3.215228245118109385e+01
1.100998725716213630e+04,-3.228647499775632923e+01,-3.221817927294645756e+01
1.117145706380418414e+04,-3.229682958839816820e+01,-3.220550068042089720e+01
1.133529494752464234e+04,-3.273679195726560920e+01,-3.264314449036011467e+01
1.150153563796837807e+04,-3.289542359892357126e+01,-3.283390346654765324e+01
1.167021437411691841e+04,-3.292933159368001839e+01,-3.283664672292822218e+01
1.184136691175805754e+04,-3.332516283516838485e+01,-3.332274548605796838e+01
1.201502953106541281e+04,-3.364207019056684089e+01,-3.358911644170088096e+01
1.219123904428874448e+04,-3.368689312950820636e+01,-3.367280484140242436e+01
1.237003280355742390e+04,-3.393544123593673589e+01,-3.390121746842645223e+01
1.255144870879811060e+04,-3.445287152653509111e+01,-3.442832646777749517e+01
1.273552521576852632e+04,-3.439631537129268679e+01,-3.438815532298805522e+01
1.292230134420933246e+04,-3.445077013144343425e+01,-3.444769981997981745e+01
1.311181668611514760e+04,-3.480856258088400068e+01,-3.482800414664041000e+01
1.330411141412730285e+04,-3.483558502723553829e+01,-3.481912805434211577e+01
1.349922629004924784e+04,-3.487249656141499088e+01,-3.487688433744123984e+01
1.369720267348725429e+04,-3.499659355614778633e+01,-3.498720933358191587e+01
1.389808253061756295e+04,-3.511371738479148519e+01,-3.511669246514038889e+01
1.410190844308210217e+04,-3.513936109210514758e+01,-3.515070656827037965e+01
1.430872361701496993e+04,-3.528243091048780400e+01,-3.529945791958803625e+01
1.451857189220084183e+04,-3.540549028947005183e+01,-3.540877506811128228e+01
1.473149775136817880e+04,-3.549878265530411170e+01,-3.549251013606578908e+01
1.494754632961824063e+04,-3.555676758597211062e+01,-3.556219541608486168e+01
1.516676342399287569e+04,-3.573184558965668600e+01,-3.573276766211867539e+01
1.538919550318213260e+04,-3.588330368509309665e+01,-3.588623133441119251e+01
1.561488971737470820e+04,-3.602757106835849754e+01,-3.600582986926049500e+01
1.584389390825254850e+04,-3.612030341159209001e+01,-3.613439204488680900e+01
1.607625661913202202e+04,-3.619027496953101775e+01,-3.617142357424251031e+01
1.631202710525415023e+04,-3.630395975470271708e+01,-3.630409851422072620e+01
1.655125534422525743e+04,-3.638193438689123127e+01,-3.638042177310562408e+01
1.679399204661127078e+04,-3.644129095850115618e+01,-3.644029417686743955e+01
1.704028866668686533e+04,-3.648255561972922578e+01,-3.648035726550183711e+01
1.729019741334274659e+04,-3.643345330670840099e+01,-3.642293317565626865e+01
1.754377126115256760e+04,-3.635285966576853411e+01,-3.638803030571254737e+01
1.780106396160213626e+04,-3.691683748202349591e+01,-3.569940634191343065e+01
1.806213005448369222e+04,-3.583680367563329128e+01,-3.442868918573394410e+01
1.832702487945669782e+04,-3.485883553271486335e+01,-3.300140935756455463e+01
1.859580458777881722e+04,-3.399964698478987657e+01,-3.138892440120173433e+01
1.886852615420830261e+04,-3.388173926324543572e+01,-3.060150893893312229e+01
1.914524738908153449e+04,-3.389328725402219789e+01,-3.069686264533829956e+01
1.942602695056727680e+04,-3.391586544380355406e+01,-3.073943205856882344e+01
1.971092435710067730e+04,-3.402573560072855230e+01,-3.093021441283885054e+01
2.000000000000000000e+04,-3.344696834882962833e+01,-3.148594808802197065e+01
