freq_hz,avg_gated_db (3 runs, padded setup, after beep fix)
60.00,11.21
60.88,10.88
61.77,10.57
62.68,10.28
63.60,10.01
64.53,9.81
65.48,9.61
66.44,9.39
67.41,9.17
68.40,8.95
69.40,8.73
70.42,8.52
71.45,8.30
72.50,8.09
73.57,7.91
74.64,7.73
75.74,7.59
76.85,7.46
77.98,7.31
79.12,7.17
80.28,7.06
81.46,6.95
82.65,6.85
83.86,6.75
85.09,6.64
86.34,6.58
87.61,6.48
88.89,6.40
90.20,6.37
91.52,6.29
92.86,6.25
94.22,6.21
95.61,6.16
97.01,6.12
98.43,6.08
99.87,6.05
101.34,6.06
102.83,6.08
104.33,6.08
105.86,6.08
107.42,6.10
108.99,6.12
110.59,6.12
112.21,6.15
113.86,6.15
115.53,6.14
117.22,6.12
118.94,6.11
120.69,6.17
122.46,6.23
124.25,6.27
126.07,6.26
127.92,6.24
129.80,6.23
131.70,6.20
133.63,6.20
135.59,6.24
137.58,6.27
139.60,6.29
141.65,6.27
143.72,6.22
145.83,6.18
147.97,6.19
150.14,6.19
152.34,6.18
154.58,6.21
156.84,6.21
159.14,6.24
161.48,6.31
163.85,6.36
166.25,6.40
168.69,6.43
171.16,6.44
173.67,6.43
176.22,6.39
178.80,6.34
181.43,6.30
184.09,6.25
186.79,6.20
189.53,6.12
192.31,6.03
195.13,5.93
197.99,5.85
200.89,5.76
203.84,5.66
206.83,5.57
209.86,5.46
212.94,5.30
216.06,5.07
219.23,4.80
222.44,4.49
225.71,4.16
229.02,3.79
232.38,3.39
235.78,2.95
239.24,2.45
242.75,1.89
246.31,1.21
249.92,0.43
253.59,-0.48
257.31,-1.47
261.08,-2.39
264.91,-2.95
268.79,-3.26
272.74,-3.16
276.74,-2.79
280.80,-2.15
284.91,-1.06
289.09,0.03
293.33,1.29
297.63,2.54
302.00,3.46
306.43,4.37
310.92,5.24
315.48,5.91
320.11,6.58
324.80,7.23
329.57,7.73
334.40,8.27
339.30,8.73
344.28,9.12
349.33,9.52
354.45,9.82
359.65,10.13
364.93,10.37
370.28,10.60
375.71,10.79
381.22,10.92
386.81,11.05
392.48,11.12
398.24,11.11
404.08,11.01
410.00,10.83
416.02,10.60
422.12,10.27
428.31,9.87
434.59,9.37
440.96,8.77
447.43,8.03
453.99,7.21
460.65,6.23
467.41,5.11
474.26,3.81
481.22,2.47
488.27,1.43
495.44,0.66
502.70,0.35
510.07,0.45
517.55,0.92
525.14,1.72
532.85,2.86
540.66,4.04
548.59,5.26
556.64,6.36
564.80,7.16
573.08,7.80
581.49,8.21
590.01,8.45
598.67,8.51
607.45,8.39
616.36,8.08
625.40,7.60
634.57,6.87
643.87,5.88
653.32,4.57
662.90,2.92
672.62,0.94
682.48,-0.87
692.49,-2.20
702.65,-3.09
712.95,-3.50
723.41,-3.52
734.02,-3.10
744.79,-2.22
755.71,-0.91
766.79,0.32
778.04,1.26
789.45,1.94
801.02,2.42
812.77,2.76
824.69,3.01
836.79,3.19
849.06,3.29
861.51,3.35
874.15,3.41
886.97,3.49
899.97,3.56
913.17,3.63
926.57,3.70
940.15,3.71
953.94,3.62
967.93,3.41
982.13,3.02
996.53,2.42
1011.15,1.60
1025.98,0.78
1041.02,0.10
1056.29,-0.39
1071.78,-0.71
1087.50,-0.92
1103.45,-1.12
1119.63,-1.43
1136.05,-2.24
1152.71,-3.23
1169.62,-3.56
1186.77,-3.29
1204.18,-2.69
1221.84,-1.79
1239.76,-0.65
1257.94,0.90
1276.39,2.96
1295.11,5.06
1314.10,6.41
1333.37,7.06
1352.93,7.16
1372.77,6.74
1392.90,5.82
1413.33,4.31
1434.06,1.73
1455.09,-0.40
1476.43,-1.66
1498.08,-2.41
1520.05,-2.73
1542.34,-2.71
1564.96,-2.32
1587.91,-1.41
1611.20,0.28
1634.83,1.37
1658.81,1.57
1683.14,1.12
1707.82,0.15
1732.87,-1.32
1758.28,-3.23
1784.07,-5.22
1810.23,-6.70
1836.78,-7.85
1863.72,-8.66
1891.05,-9.11
1918.78,-9.15
1946.93,-8.76
1975.48,-8.01
2004.45,-7.39
2033.85,-7.71
2063.68,-9.52
2093.94,-10.82
2124.65,-11.66
2155.81,-13.37
2187.43,-14.97
2219.51,-15.06
2252.06,-14.38
2285.08,-12.76
2318.60,-9.78
2352.60,-7.45
2387.10,-5.43
2422.11,-2.75
2457.63,-0.82
2493.68,-0.57
2530.25,-0.38
2567.36,0.20
2605.01,1.01
2643.21,1.88
2681.98,2.59
2721.31,3.00
2761.22,3.28
2801.72,3.78
2842.81,3.63
2884.50,2.48
2926.80,1.33
2969.73,0.70
3013.28,0.29
3057.47,-0.16
3102.31,-0.56
3147.81,-0.40
3193.97,0.27
3240.82,1.39
3288.35,2.11
3336.57,2.17
3385.51,2.13
3435.16,2.69
3485.54,3.73
3536.65,4.22
3588.52,3.83
3641.15,3.03
3694.55,2.49
3748.73,1.95
3803.71,1.21
3859.50,0.16
3916.10,-1.31
3973.53,-3.25
4031.80,-4.34
4090.93,-4.76
4150.93,-5.70
4211.81,-6.94
4273.58,-6.48
4336.25,-5.58
4399.85,-4.76
4464.37,-4.69
4529.85,-4.49
4596.28,-4.13
4663.69,-3.81
4732.09,-4.49
4801.48,-5.56
4871.90,-6.78
4943.35,-8.42
5015.85,-9.69
5089.41,-11.03
5164.05,-12.34
5239.79,-13.02
5316.63,-12.33
5394.60,-12.82
5473.72,-13.29
5554.00,-12.82
5635.45,-11.57
5718.10,-11.05
5801.96,-11.95
5887.05,-13.39
5973.39,-14.65
6060.99,-15.85
6149.88,-16.89
6240.07,-18.02
6331.59,-18.18
6424.45,-19.30
6518.66,-18.16
6614.27,-17.46
6711.27,-17.91
6809.70,-18.62
6909.56,-19.93
7010.90,-20.47
7113.72,-22.47
7218.05,-24.14
7323.90,-26.94
7431.32,-28.31
7540.30,-29.18
7650.89,-29.70
7763.09,-29.83
7876.94,-30.87
7992.46,-31.07
8109.68,-30.77
8228.61,-30.55
8349.29,-30.65
8471.74,-30.81
8595.99,-30.86
8722.05,-30.92
8849.97,-31.01
8979.76,-31.15
9111.46,-31.19
9245.08,-31.29
9380.67,-31.54
9518.24,-31.71
9657.83,-31.72
9799.47,-31.78
9943.19,-32.06
10089.02,-32.14
10236.98,-32.41
10387.11,-32.60
10539.45,-32.74
10694.02,-32.88
10850.85,-33.43
11009.99,-33.62
11171.46,-33.48
11335.29,-34.09
11501.54,-34.31
11670.21,-34.13
11841.37,-34.55
12015.03,-34.91
12191.24,-34.86
12370.03,-35.15
12551.45,-35.67
12735.53,-35.46
12922.30,-35.57
13111.82,-36.04
13304.11,-36.02
13499.23,-36.06
13697.20,-36.21
13898.08,-36.30
14101.91,-36.34
14308.72,-36.48
14518.57,-36.55
14731.50,-36.68
14947.55,-36.74
15166.76,-36.91
15389.20,-37.07
15614.89,-37.19
15843.89,-37.33
16076.26,-37.39
16312.03,-37.51
16551.26,-37.57
16793.99,-37.63
17040.29,-37.67
17290.20,-37.62
17543.77,-37.64
17801.06,-37.54
18062.13,-36.35
18327.02,-34.91
18595.80,-33.96
18868.53,-33.54
19145.25,-33.49
19426.03,-33.53
19710.92,-33.51
20000.00,-33.58
