freq_hz,avg_gated_db (3 runs, right speaker, after beep fix)
60.00,1.83
60.88,1.56
61.77,1.31
62.68,1.07
63.60,0.84
64.53,0.68
65.48,0.50
66.44,0.30
67.41,0.10
68.40,-0.10
69.40,-0.31
70.42,-0.52
71.45,-0.72
72.50,-0.94
73.57,-1.13
74.64,-1.32
75.74,-1.47
76.85,-1.62
77.98,-1.78
79.12,-1.93
80.28,-2.06
81.46,-2.19
82.65,-2.32
83.86,-2.44
85.09,-2.57
86.34,-2.65
87.61,-2.77
88.89,-2.86
90.20,-2.91
91.52,-2.99
92.86,-3.04
94.22,-3.08
95.61,-3.13
97.01,-3.17
98.43,-3.20
99.87,-3.21
101.34,-3.18
102.83,-3.13
104.33,-3.10
105.86,-3.07
107.42,-3.01
108.99,-2.95
110.59,-2.90
112.21,-2.79
113.86,-2.73
115.53,-2.67
117.22,-2.61
118.94,-2.55
120.69,-2.40
122.46,-2.25
124.25,-2.09
126.07,-2.00
127.92,-1.90
129.80,-1.80
131.70,-1.72
133.63,-1.60
135.59,-1.41
137.58,-1.24
139.60,-1.08
141.65,-0.96
143.72,-0.89
145.83,-0.78
147.97,-0.59
150.14,-0.44
152.34,-0.28
154.58,-0.10
156.84,0.05
159.14,0.24
161.48,0.50
163.85,0.72
166.25,0.93
168.69,1.13
171.16,1.30
173.67,1.49
176.22,1.63
178.80,1.77
181.43,1.91
184.09,2.03
186.79,2.20
189.53,2.33
192.31,2.45
195.13,2.56
197.99,2.71
200.89,2.85
203.84,3.00
206.83,3.17
209.86,3.33
212.94,3.47
216.06,3.54
219.23,3.60
222.44,3.65
225.71,3.70
229.02,3.74
232.38,3.80
235.78,3.87
239.24,3.94
242.75,4.01
246.31,4.09
249.92,4.15
253.59,4.20
257.31,4.24
261.08,4.27
264.91,4.29
268.79,4.29
272.74,4.27
276.74,4.25
280.80,4.21
284.91,4.14
289.09,4.08
293.33,3.98
297.63,3.86
302.00,3.75
306.43,3.60
310.92,3.42
315.48,3.24
320.11,3.03
324.80,2.79
329.57,2.55
334.40,2.26
339.30,1.97
344.28,1.68
349.33,1.34
354.45,1.03
359.65,0.67
364.93,0.34
370.28,0.06
375.71,-0.21
381.22,-0.41
386.81,-0.57
392.48,-0.64
398.24,-0.69
404.08,-0.70
410.00,-0.63
416.02,-0.50
422.12,-0.31
428.31,-0.07
434.59,0.20
440.96,0.50
447.43,0.81
453.99,1.18
460.65,1.55
467.41,1.91
474.26,2.18
481.22,2.41
488.27,2.59
495.44,2.78
502.70,2.92
510.07,3.01
517.55,3.09
525.14,3.11
532.85,3.09
540.66,3.04
548.59,2.94
556.64,2.78
564.80,2.58
573.08,2.33
581.49,2.07
590.01,1.82
598.67,1.54
607.45,1.29
616.36,1.10
625.40,0.95
634.57,0.88
643.87,0.88
653.32,0.97
662.90,1.13
672.62,1.35
682.48,1.61
692.49,1.89
702.65,2.19
712.95,2.44
723.41,2.64
734.02,2.80
744.79,2.94
755.71,3.04
766.79,3.11
778.04,3.16
789.45,3.20
801.02,3.25
812.77,3.30
824.69,3.37
836.79,3.46
849.06,3.52
861.51,3.58
874.15,3.64
886.97,3.71
899.97,3.76
913.17,3.75
926.57,3.72
940.15,3.63
953.94,3.46
967.93,3.23
982.13,2.95
996.53,2.64
1011.15,2.30
1025.98,2.03
1041.02,1.86
1056.29,1.82
1071.78,1.88
1087.50,2.04
1103.45,2.24
1119.63,2.47
1136.05,2.61
1152.71,2.66
1169.62,2.62
1186.77,2.54
1204.18,2.41
1221.84,2.26
1239.76,2.15
1257.94,2.13
1276.39,2.20
1295.11,2.37
1314.10,2.62
1333.37,2.92
1352.93,3.21
1372.77,3.45
1392.90,3.62
1413.33,3.71
1434.06,3.68
1455.09,3.55
1476.43,3.36
1498.08,3.10
1520.05,2.75
1542.34,2.30
1564.96,1.74
1587.91,1.15
1611.20,0.54
1634.83,0.07
1658.81,-0.18
1683.14,-0.20
1707.82,-0.02
1732.87,0.26
1758.28,0.65
1784.07,1.10
1810.23,1.51
1836.78,1.62
1863.72,1.37
1891.05,0.87
1918.78,0.33
1946.93,-0.19
1975.48,-0.64
2004.45,-1.04
2033.85,-1.43
2063.68,-1.84
2093.94,-2.38
2124.65,-3.15
2155.81,-4.41
2187.43,-6.55
2219.51,-9.78
2252.06,-11.62
2285.08,-12.51
2318.60,-12.78
2352.60,-12.56
2387.10,-11.89
2422.11,-10.74
2457.63,-8.93
2493.68,-6.38
2530.25,-5.14
2567.36,-4.53
2605.01,-4.15
2643.21,-3.83
2681.98,-3.59
2721.31,-3.39
2761.22,-3.15
2801.72,-2.74
2842.81,-2.20
2884.50,-1.68
2926.80,-1.33
2969.73,-1.16
3013.28,-1.06
3057.47,-0.77
3102.31,-0.34
3147.81,0.05
3193.97,0.21
3240.82,0.12
3288.35,-0.04
3336.57,-0.12
3385.51,-0.24
3435.16,-0.76
3485.54,-1.77
3536.65,-3.28
3588.52,-5.04
3641.15,-6.27
3694.55,-6.97
3748.73,-7.46
3803.71,-7.73
3859.50,-7.47
3916.10,-6.63
3973.53,-5.25
4031.80,-3.59
4090.93,-2.32
4150.93,-1.37
4211.81,-0.57
4273.58,0.07
4336.25,0.42
4399.85,0.51
4464.37,0.47
4529.85,0.52
4596.28,0.69
4663.69,0.88
4732.09,1.22
4801.48,1.64
4871.90,1.95
4943.35,2.27
5015.85,2.64
5089.41,2.84
5164.05,2.79
5239.79,2.53
5316.63,2.03
5394.60,1.40
5473.72,0.55
5554.00,-0.45
5635.45,-1.71
5718.10,-3.44
5801.96,-5.05
5887.05,-6.37
5973.39,-7.88
6060.99,-9.13
6149.88,-9.50
6240.07,-9.32
6331.59,-8.68
6424.45,-7.76
6518.66,-6.91
6614.27,-6.11
6711.27,-5.23
6809.70,-5.31
6909.56,-6.77
7010.90,-10.16
7113.72,-13.46
7218.05,-15.23
7323.90,-15.37
7431.32,-15.32
7540.30,-15.53
7650.89,-15.81
7763.09,-16.03
7876.94,-15.09
7992.46,-14.43
8109.68,-15.39
8228.61,-18.24
8349.29,-21.31
8471.74,-23.71
8595.99,-25.63
8722.05,-27.43
8849.97,-28.82
8979.76,-29.59
9111.46,-30.02
9245.08,-30.28
9380.67,-30.21
9518.24,-30.06
9657.83,-29.63
9799.47,-28.88
9943.19,-28.35
10089.02,-28.28
10236.98,-27.64
10387.11,-26.06
10539.45,-24.12
10694.02,-22.25
10850.85,-20.50
11009.99,-18.85
11171.46,-17.54
11335.29,-16.44
11501.54,-15.97
11670.21,-16.70
11841.37,-18.39
12015.03,-20.32
12191.24,-22.52
12370.03,-25.23
12551.45,-27.95
12735.53,-30.93
12922.30,-34.26
13111.82,-37.21
13304.11,-40.35
13499.23,-42.84
13697.20,-44.91
13898.08,-46.15
14101.91,-47.23
14308.72,-47.74
14518.57,-47.57
14731.50,-47.04
14947.55,-46.35
15166.76,-47.24
15389.20,-48.06
15614.89,-49.35
15843.89,-49.97
16076.26,-50.57
16312.03,-50.95
16551.26,-51.17
16793.99,-50.70
17040.29,-47.95
17290.20,-43.25
17543.77,-36.89
17801.06,-30.83
18062.13,-25.07
18327.02,-19.96
18595.80,-15.44
18868.53,-11.87
19145.25,-12.63
19426.03,-16.26
19710.92,-21.55
20000.00,-27.25
