freq_hz,db_rel_1khz (Sennheiser Profile USB microphone 0 degree curve, digitised from the manufacturer spec sheet V1.0; typical unit, about +-2 dB)
40.00,-24.44
41.70,-23.07
43.48,-21.95
45.33,-20.63
47.26,-18.76
49.28,-17.49
51.37,-16.34
53.56,-15.21
55.84,-14.10
58.22,-13.17
60.70,-12.10
63.29,-11.07
65.98,-10.32
68.79,-9.45
71.72,-8.54
74.78,-7.61
77.96,-6.86
81.28,-6.13
84.74,-5.40
88.35,-4.65
92.12,-4.10
96.04,-3.52
100.13,-2.92
104.39,-2.55
108.84,-2.18
113.48,-1.78
118.31,-1.37
123.35,-1.18
128.60,-0.80
134.08,-0.48
139.79,-0.28
145.74,0.08
151.95,0.33
158.42,0.48
165.17,0.51
172.21,0.59
179.54,0.82
187.19,1.00
195.16,1.22
203.47,1.33
212.14,1.33
221.17,1.57
230.59,1.80
240.41,1.88
250.65,1.88
261.33,1.88
272.46,1.88
284.06,1.88
296.16,1.88
308.77,1.88
321.92,1.88
335.64,1.88
349.93,1.88
364.83,1.88
380.37,1.79
396.57,1.61
413.46,1.60
431.07,1.60
449.43,1.59
468.58,1.36
488.53,1.33
509.34,1.20
531.03,1.01
553.65,0.78
577.23,0.60
601.82,0.41
627.45,0.22
654.17,0.04
682.03,-0.15
711.08,-0.31
741.37,-0.31
772.94,-0.31
805.86,-0.31
840.18,-0.30
875.97,-0.12
913.28,-0.03
952.17,-0.03
992.73,-0.03
1035.01,0.17
1079.09,0.24
1125.05,0.29
1172.97,0.51
1222.92,0.51
1275.01,0.51
1329.31,0.58
1385.93,0.77
1444.96,0.79
1506.50,0.81
1570.66,1.00
1637.56,1.06
1707.30,1.10
1780.02,1.33
1855.83,1.33
1934.87,1.33
2017.28,1.40
2103.20,1.59
2192.77,1.60
2286.17,1.77
2383.53,1.88
2485.05,1.89
2590.89,2.12
2701.24,2.15
2816.29,2.22
2936.24,2.41
3061.29,2.42
3191.68,2.51
3327.61,2.70
3469.34,2.70
3617.10,2.70
3771.15,2.76
3931.77,2.95
4099.23,2.97
4273.82,2.97
4455.84,2.97
4645.62,3.18
4843.48,3.08
5049.77,2.97
5264.84,2.97
5489.08,2.97
5722.86,2.97
5966.60,2.97
6220.72,2.97
6485.67,2.80
6761.90,2.61
7049.90,2.43
7350.16,2.20
7663.21,2.03
7989.59,1.87
8329.87,1.40
8684.65,1.17
9054.53,1.06
9440.17,1.06
9842.24,1.06
10261.43,1.23
10698.47,1.54
11154.12,1.90
11629.19,2.13
12124.48,2.48
12640.88,2.79
13179.26,2.97
13740.58,2.97
14325.80,2.97
14935.95,2.97
15572.08,3.16
16235.31,3.24
16926.78,3.23
17647.71,3.00
18399.34,2.65
19182.98,2.24
20000.00,1.88
